{"activate": {"CD8T": {"Belk_CRISPRi_CD8T": [-4.73, -0.5375000000000001, 0.15, 0.71, 5.6], "Carnevale_CRISPRi_Tcell": [-11.9, -0.5, 0.06, 0.6, 7.5], "Legut_CRISPRa_CD8T": [-3.17, -0.78, 0.27, 0.81, 3.53], "Lin_CRISPRi_CD8T_persistence": [-8.61, 0.33, 0.33, 0.33, 0.33], "Lin_CRISPRi_CD8T_proliferate": [-13.49, -0.31, 0.13, 0.54, 0.98], "Lin_CRISPRi_CD8T_survival": [-13.76, -0.36, 0.06, 0.84, 0.84], "Schmidt_CRISPRa_Prim_CD8_IFNG": [-10.73, -0.57, 0.01, 0.58, 13.12], "Schmidt_CRISPRi_Prim_CD8_IFNG": [-22.27, -0.49, 0.01, 0.51, 8.9], "Shifrut_CRISPRi_CD8T": [-13.32, -0.4775, 0.08, 0.59, 9.6], "Ye_CRISPRa_CD8T": [-1.7, -0.66, -0.3, 0.42, 9.32], "Ye_CRISPRi_CD8T_GBM": [-4.84, -0.65, 0.06, 0.66, 2.97], "Zhao_CRISPRi_CD8T_invitro": [-12.75, -0.07, 0.22, 0.45, 2.87], "Zhao_CRISPRi_CD8T_invivo": [-11.34, -0.37, 0.12, 0.55, 4.25]}, "CD4T": {"Carnevale_CRISPRi_Tcell": [-11.9, -0.5, 0.06, 0.6, 7.5], "Legut_CRISPRa_CD4T": [-4.03, -0.53, 0.36, 0.71, 3.7], "Schmidt_CRISPRa_Prim_CD4_IL2": [-10.59, -0.57, 0.02, 0.59, 13.9], "Schmidt_CRISPRa_Supp_CD4_IFNG": [-7.88, -0.59, 0.02, 0.63, 19.08], "Schmidt_CRISPRa_Supp_CD4_IL2": [-8.8, -0.58, 0.04, 0.62, 11.92], "Schmidt_CRISPRa_Supp_CD4_TNF": [-11.3, -0.52, 0.08, 0.61, 10.79], "Schmidt_CRISPRi_Prim_CD4_IL2": [-17.61, -0.56, -0.05, 0.48, 9.43], "Szeto_CRISPRi_CD4T_Diff": [-7.89, -0.64, 0.05, 0.7, 5.66]}, "Treg": {"Carnevale_CRISPRi_Treg": [-10.88, -0.56, 0.04, 0.62, 10.46], "Cortez_CRISPRi_Treg": [-3.84, -0.495, -0.03, 0.3825, 10.4], "Loo_CRISPRi_Treg_Expand": [-8.11, -0.07, 0.22, 0.46, 2.01], "Loo_CRISPRi_Treg_Foxp3": [-9.12, -0.39, 0.1, 0.52, 9.57]}, "CART": {"Dai_CRISPRa_CART_CD4T": [-3.44, -0.64, 0.08, 0.6975, 3.0], "Dai_CRISPRa_CART_CD8T": [-5.66, -0.62, 0.055, 0.7, 2.25], "Wang_CRISPRi_CART": [-4.45, -0.54, 0.01, 0.55, 34.42]}}, "knockout": {"CD8T": {"Belk_CRISPRi_CD8T": [-4.73, -0.5375000000000001, 0.15, 0.71, 5.6], "Carnevale_CRISPRi_Tcell": [-11.9, -0.5, 0.06, 0.6, 7.5], "Legut_CRISPRa_CD8T": [-3.17, -0.78, 0.27, 0.81, 3.53], "Lin_CRISPRi_CD8T_persistence": [-2.93, -0.69, -0.11, 0.58, 8.19], "Lin_CRISPRi_CD8T_proliferate": [-0.97, -0.97, 0.03, 0.57, 20.34], "Lin_CRISPRi_CD8T_survival": [-0.97, -0.97, 0.02, 0.54, 20.45], "Schmidt_CRISPRa_Prim_CD8_IFNG": [-10.73, -0.57, 0.01, 0.58, 13.12], "Schmidt_CRISPRi_Prim_CD8_IFNG": [-22.27, -0.49, 0.01, 0.51, 8.9], "Shifrut_CRISPRi_CD8T": [-13.32, -0.4775, 0.08, 0.59, 9.6], "Ye_CRISPRa_CD8T": [-1.7, -0.66, -0.3, 0.42, 9.32], "Ye_CRISPRi_CD8T_GBM": [-4.84, -0.65, 0.06, 0.66, 2.97], "Zhao_CRISPRi_CD8T_invitro": [-12.75, -0.07, 0.22, 0.45, 2.87], "Zhao_CRISPRi_CD8T_invivo": [-11.34, -0.37, 0.12, 0.55, 4.25]}, "CD4T": {"Carnevale_CRISPRi_Tcell": [-11.9, -0.5, 0.06, 0.6, 7.5], "Legut_CRISPRa_CD4T": [-4.03, -0.53, 0.36, 0.71, 3.7], "Schmidt_CRISPRa_Prim_CD4_IL2": [-10.59, -0.57, 0.02, 0.59, 13.9], "Schmidt_CRISPRa_Supp_CD4_IFNG": [-7.88, -0.59, 0.02, 0.63, 19.08], "Schmidt_CRISPRa_Supp_CD4_IL2": [-8.8, -0.58, 0.04, 0.62, 11.92], "Schmidt_CRISPRa_Supp_CD4_TNF": [-11.3, -0.52, 0.08, 0.61, 10.79], "Schmidt_CRISPRi_Prim_CD4_IL2": [-17.61, -0.56, -0.05, 0.48, 9.43], "Szeto_CRISPRi_CD4T_Diff": [-7.89, -0.64, 0.05, 0.7, 5.66]}, "Treg": {"Carnevale_CRISPRi_Treg": [-10.88, -0.56, 0.04, 0.62, 10.46], "Cortez_CRISPRi_Treg": [-3.84, -0.495, -0.03, 0.3825, 10.4], "Loo_CRISPRi_Treg_Expand": [-8.11, -0.07, 0.22, 0.46, 2.01], "Loo_CRISPRi_Treg_Foxp3": [-9.12, -0.39, 0.1, 0.52, 9.57]}, "CART": {"Dai_CRISPRa_CART_CD4T": [-3.44, -0.64, 0.08, 0.6975, 3.0], "Dai_CRISPRa_CART_CD8T": [-5.66, -0.62, 0.055, 0.7, 2.25], "Wang_CRISPRi_CART": [-34.42, -0.55, -0.01, 0.54, 4.45]}}}